bref_id,PLAYER_ID,stats_player_id,espn_id,PLAYER_NAME,Team,team_g,stats_team_id
gordoaa01,203932,748788,3064290,Aaron Gordon,DEN,33,7
henryaa01,1630565,1133812,4397209,Aaron Henry,PHI,34,20
holidaa01,1628988,884087,3922230,Aaron Holiday,WAS,34,27
nesmiaa01,1630174,1134264,4396909,Aaron Nesmith,BOS,34,2
wiggiaa01,1630598,1133788,4397183,Aaron Wiggins,OKC,33,25
naderab01,1627846,610597,2595435,Abdel Nader,PHO,33,21
murkead01,1630278,957208,4067603,Ade Murkey,SAC,35,23
schofad01,1629678,887494,3918423,Admiral Schofield,ORL,35,19
horfoal01,201143,280587,3213,Al Horford,BOS,34,2
burksal01,202692,512995,6429,Alec Burks,NYK,34,18
fordal03,1630758,945134,4066414,Aleem Ford,ORL,35,19
pokusal01,1630197,1257423,4683018,Aleksej Pokusevski,OKC,33,25
carusal01,1627936,697644,2991350,Alex Caruso,CHI,31,4
lenal01,203458,616982,2596107,Alex Len,SAC,35,23
mckinal01,1628035,567423,2530923,Alfonzo McKinnie,CHI,31,4
johnsal02,1628993,953283,4067045,Alize Johnson,CHI/WAS,34,27
sengual01,1630578,1323508,4871144,Alperen Sengun,HOU,35,10
coffeam01,1629599,944822,4066387,Amir Coffey,LAC,34,12
drumman01,203083,614746,6585,Andre Drummond,PHI,34,20
iguodan01,2738,173004,2386,Andre Iguodala,GSW,34,9
wiggian01,203952,794503,3059319,Andrew Wiggins,GSW,34,9
simonan01,1629014,1121307,4351851,Anfernee Simons,POR,33,22
davisan02,203076,603096,6583,Anthony Davis,LAL,35,13
edwaran01,1630162,1175367,4594268,Anthony Edwards,MIN,34,16
gillan01,1630264,604290,2581184,Anthony Gill,WAS,34,27
brookar01,1629717,922387,4066450,Armoni Brooks,HOU,35,10
kulboar01,1629083,1121345,4230551,Arnoldas Kulboka,CHO,35,5312
reaveau01,1630559,953291,4066457,Austin Reaves,LAL,35,13
riverau01,203085,601139,6617,Austin Rivers,DEN,33,7
bradlav01,202340,513607,4240,Avery Bradley,LAL,35,13
dosunay01,1630245,1133782,4397002,Ayo Dosunmu,CHI,31,4
johnsbj01,1629168,786385,3059280,BJ Johnson,ORL,35,19
adebaba01,1628389,957486,4066261,Bam Adebayo,MIA,35,14
mclembe01,203463,604898,2578213,Ben McLemore,POR,33,22
griffbl01,201933,399725,3989,Blake Griffin,BRK,32,17
marjabo01,1626246,553331,4376,Boban Marjanovic,DAL,33,6
portibo01,1626171,750703,3064482,Bobby Portis,MIL,36,15
bogdabo01,203992,830648,3037789,Bogdan Bogdanovic,ATL,33,1
bogdabo02,202711,599812,3593,Bojan Bogdanovic,UTA,33,26
bolbo01,1629626,1134730,4397102,Bol Bol,DEN,33,7
hylanbo01,1630538,1178199,4592492,Bones Hyland,DEN,33,7
wanambr01,202954,402376,6507,Brad Wanamaker,IND,34,NA
bealbr01,203078,606912,6580,Bradley Beal,WAS,34,27
bostobr01,1630527,1245906,4432162,Brandon Boston Jr.,LAC,34,12
clarkbr01,1629634,892914,3906665,Brandon Clarke,MEM,35,29
ingrabr01,1627742,887665,3913176,Brandon Ingram,NOP,35,3
knighbr03,202688,553575,6448,Brandon Knight,DAL,33,6
willibr03,1630314,1134688,4397040,Brandon Williams,POR,33,22
thomabr01,1630271,1152470,4407254,Brodric Thomas,BOS,34,2
lopezbr01,201572,330047,3448,Brook Lopez,MIL,36,15
brownbr01,1628971,941834,4065670,Bruce Brown,BRK,32,17
fernabr01,1628981,1076674,4277952,Bruno Fernando,BOS,34,2
forbebr01,1627854,699093,2994526,Bryn Forbes,SAS,33,24
hieldbu01,1627741,697086,2990984,Buddy Hield,SAC,35,23
ellebcj01,1629604,1135177,4397166,CJ Elleby,POR,33,22
mccolcj01,203468,522878,2490149,CJ McCollum,POR,33,22
milescj01,101139,292394,2778,CJ Miles,BOS,34,2
cunnica01,1630595,1232182,4432166,Cade Cunningham,DET,32,8
martica02,1628997,842969,3138160,Caleb Martin,MIA,35,14
reddica01,1629629,1132027,4395627,Cam Reddish,ATL,33,1
thomaca02,1630560,1232020,4432174,Cam Thomas,BRK,32,17
johnsca02,1629661,843005,3138196,Cameron Johnson,PHO,33,21
mcgrica01,1630787,944246,4066315,Cameron McGriff,POR,33,22
payneca01,1626166,792338,3064230,Cameron Payne,PHO,33,21
leverca01,1627747,698991,2991043,Caris LeVert,IND,34,11
jonesca03,1630637,953242,4067735,Carlik Jones,DAL,33,6
anthoca01,2546,172890,1975,Carmelo Anthony,LAL,35,13
stanlca01,1630199,1174861,4431686,Cassius Stanley,DET,32,8
winstca01,1630216,957478,4066382,Cassius Winston,WAS,34,27
barbeca01,1627760,740397,3059266,Cat Barber,ATL,33,NA
osmande01,1626224,842611,3893016,Cedi Osman,CLE,34,5
hutchch01,1628990,846866,3149010,Chandler Hutchison,PHO,33,21
bassech01,1629646,1138669,4397886,Charles Bassey,PHI,34,20
brownch02,1629718,950955,4066508,Charlie Brown Jr.,DAL,33,6
brownch05,1630602,1060954,4278045,Chaundee Brown Jr.,LAL/ATL,33,1
diallch01,1627767,887902,3919335,Cheick Diallo,DET,32,8
metuch01,1629002,884121,3914283,Chimezie Metu,SAC,35,23
bouchch01,1628449,901190,3948153,Chris Boucher,TOR,31,28
chiozch01,1629185,845512,3137795,Chris Chiozza,GSW,34,9
duartch01,1630537,1194085,4592402,Chris Duarte,IND,34,11
paulch01,101108,229598,2779,Chris Paul,PHO,33,21
silvach01,1629735,886457,3923253,Chris Silva,MIN,34,16
woodch01,1626174,750924,3058254,Christian Wood,HOU,35,10
okekech01,1629643,1061658,4278052,Chuma Okeke,ORL,35,19
capelca01,203991,830647,3102529,Clint Capela,ATL,33,1
whiteco01,1629632,1138387,4395651,Coby White,CHI,31,4
martico01,1628998,842971,3138161,Cody Martin,CHO,35,5312
zelleco01,203469,602028,2579258,Cody Zeller,POR,33,22
anthoco01,1630175,1185943,4432809,Cole Anthony,ORL,35,19
sextoco01,1629012,1061642,4277811,Collin Sexton,CLE,34,5
kispeco01,1630557,1077554,4280151,Corey Kispert,WAS,34,27
josepco01,202709,552805,6446,Cory Joseph,DET,32,8
swordcr01,1628591,696951,2991312,Craig Sword,WAS,34,27
russeda01,1626156,844038,3136776,D'Angelo Russell,MIN,34,16
augusdj01,201571,329524,3415,D.J. Augustin,HOU,35,10
wilsodj01,1628391,843997,3136491,D.J. Wilson,TOR,31,28
nixda01,1630227,1271709,4432176,Daishen Nix,HOU,35,10
bantoda01,1630625,1138668,4397885,Dalano Banton,TOR,31,28
jonesda03,1627745,745922,3064559,Damian Jones,SAC,35,23
lillada01,203081,463121,6606,Damian Lillard,POR,33,22
leeda03,1627814,609081,2595209,Damion Lee,GSW,34,9
dotsoda01,1628422,697146,2991149,Damyean Dotson,NYK,34,18
gaffoda01,1629655,1061647,4278049,Daniel Gafford,WAS,34,27
oturuda01,1630187,1133827,4397215,Daniel Oturu,TOR,31,28
theisda01,1628464,1066725,2451037,Daniel Theis,HOU,35,10
gallida01,201568,456448,3428,Danilo Gallinari,ATL,33,1
greenda02,201980,295922,3988,Danny Green,PHI,34,20
houseda01,1627863,692110,2991155,Danuel House Jr.,HOU/NYK,34,18
bazleda01,1629647,1172134,4423545,Darius Bazley,OKC,33,25
garlada01,1629636,1134262,4396907,Darius Garland,CLE,34,5
collida01,201954,295432,3973,Darren Collison,LAL,35,13
dukeda01,1630561,1134645,4397107,David Duke Jr.,BRK,32,17
johnsda08,1630525,1180115,4592204,David Johnson,TOR,31,28
nwabada01,1628021,787141,3062744,David Nwaba,HOU,35,10
mitchda01,1630558,1061659,4278053,Davion Mitchell,SAC,35,23
bertada01,202722,599814,6426,Davis Bertans,WAS,34,27
reedda01,1628432,740382,3059262,Davon Reed,DEN,33,7
sharpda01,1630549,1243725,4432194,Day'Ron Sharpe,BRK,32,17
foxde01,1628368,957489,4066259,De'Aaron Fox,SAC,35,23
huntede01,1629631,942857,4065732,De'Andre Hunter,ATL,33,1
meltode01,1629001,946801,4066436,De'Anthony Melton,MEM,35,29
jordade01,201599,398142,3442,DeAndre Jordan,LAL,35,13
bembrde01,1627761,795428,3062667,DeAndre' Bembry,BRK,32,17
jarrede01,1630610,950903,4066796,DeJon Jarreau,IND,34,10
derozde01,201942,457594,3978,DeMar DeRozan,CHI,31,4
couside01,202326,509450,4258,DeMarcus Cousins,MIL,36,15
wadede01,1629731,880677,3912848,Dean Wade,CLE,34,5
aytonde01,1629028,1061507,4278129,Deandre Ayton,PHO,33,21
sirvyde01,1629686,1172138,4423883,Deividas Sirvydis,DET,32,8
murrade01,1627749,884168,3907497,Dejounte Murray,SAS,33,24
wrighde01,1626153,744102,3064447,Delon Wright,ATL,33,1
avdijde01,1630166,1257422,4683021,Deni Avdija,WAS,34,27
schrode01,203471,739958,3032979,Dennis Schroder,BOS,34,2
smithde03,1628372,942015,4065697,Dennis Smith Jr.,POR,33,22
valende01,1627756,712595,2999549,Denzel Valentine,CLE,34,5
favorde01,202324,502808,4257,Derrick Favors,OKC,33,25
jonesde02,1627884,892925,3936099,Derrick Jones Jr.,CHI,31,4
rosede01,201565,399612,3456,Derrick Rose,NYK,34,18
waltode01,1628476,741934,3056273,Derrick Walton Jr.,DET,32,8
whitede01,1628401,796009,3078576,Derrick White,SAS,33,24
banede01,1630217,944263,4066320,Desmond Bane,MEM,35,29
bookede01,1626164,845564,3136193,Devin Booker,PHO,33,21
vassede01,1630170,1132051,4395630,Devin Vassell,SAS,33,24
dotsode01,1629653,1132829,4397016,Devon Dotson,CHI,31,4
cacokde01,1629719,899762,3946974,Devontae Cacok,SAS,33,24
grahade01,1628984,843228,3133601,Devonte' Graham,NOP,35,3
dedmode01,203473,606642,2580913,Dewayne Dedmon,MIA,35,14
louzama01,1629712,1172136,4423885,Didi Louzada,NOP,35,3
brookdi01,1628415,854601,3155526,Dillon Brooks,MEM,35,29
sabondo01,1627734,850111,3155942,Domantas Sabonis,IND,34,11
mitchdo01,1628378,879707,3908809,Donovan Mitchell,UTA,33,26
divindo01,1628978,887915,3934673,Donte DiVincenzo,MIL,36,15
finnedo01,1627827,606701,2578185,Dorian Finney-Smith,DAL,33,6
mcderdo01,203926,554804,2528588,Doug McDermott,SAS,33,24
greendr01,203110,468895,6589,Draymond Green,GSW,34,9
eubandr01,1629234,883573,3914285,Drew Eubanks,SAS,33,24
washidu02,1630613,1133864,4397235,Duane Washington Jr.,IND,34,11
robindu01,1629130,854591,3157465,Duncan Robinson,MIA,35,14
howardw01,2730,253975,2384,Dwight Howard,LAL,35,13
poweldw01,203939,552309,2531367,Dwight Powell,DAL,33,6
windldy01,1629685,895530,3906786,Dylan Windler,CLE,34,5
davised01,202334,462458,4259,Ed Davis,CLE,34,5
paytoel01,203901,608661,2583639,Elfrid Payton,PHO,33,21
hugheel01,1630190,950031,4066446,Elijah Hughes,UTA,33,26
mudiaem01,1626144,877870,3892818,Emmanuel Mudiay,SAC,35,23
kanteen01,202683,553574,6447,Enes Freedom,BOS,34,2
bledser01,202339,509449,4238,Eric Bledsoe,LAC,34,12
gordoer01,201569,401085,3431,Eric Gordon,HOU,35,10
pascher01,1629672,846627,3133817,Eric Paschall,UTA,33,26
omorueu01,1630647,945123,4066410,Eugene Omoruyi,DAL,33,NA
fournev01,203095,659767,6588,Evan Fournier,NYK,34,18
mobleev01,1630596,1231862,4432158,Evan Mobley,CLE,34,5
campafa01,1630267,661004,2968334,Facundo Campazzo,DEN,33,7
jacksfr01,1628402,937667,4065651,Frank Jackson,DET,32,8
kaminfr01,1626163,606731,2579294,Frank Kaminsky,PHO,33,21
ntilila01,1628373,1056995,4230547,Frank Ntilikina,DAL,33,6
wagnefr01,1630532,1178131,4566434,Franz Wagner,ORL,35,19
vanvlfr01,1627832,707832,2991230,Fred VanVleet,TOR,31,28
gillefr01,1630273,1081840,4277886,Freddie Gillespie,ORL,35,19
korkmfu01,1627788,920092,3929325,Furkan Korkmaz,PHI,34,20
vincega01,1629216,851253,3137259,Gabe Vincent,MIA,35,14
deckga01,1630466,923135,3929321,Gabriel Deck,OKC,33,25
templga01,202066,263903,4023,Garrett Temple,NOP,35,3
mathega01,1629726,888431,3913180,Garrison Mathews,HOU,35,10
clarkga01,1629109,842169,3132042,Gary Clark,NOP,35,3
harriga01,203914,712593,2999547,Gary Harris,ORL,35,19
paytoga02,1627780,846407,3134903,Gary Payton II,GSW,34,9
trentga02,1629018,1060908,4277843,Gary Trent Jr.,TOR,31,28
hillge01,201588,277552,3438,George Hill,MIL,36,15
kingge03,1628994,742864,3064320,George King,DAL,33,6
niangge01,1627777,679381,2990969,Georges Niang,PHI,34,20
kalaige01,1630686,1323544,4683022,Georgios Kalaitzakis,MIL,36,NA
antetgi01,203507,739957,3032977,Giannis Antetokounmpo,MIL,36,15
bitadgo01,1629048,1172132,4348700,Goga Bitadze,IND,34,11
dragigo01,201609,456456,3423,Goran Dragic,TOR,31,28
haywago01,202330,477667,4249,Gordon Hayward,CHO,35,5312
dienggo01,203476,553158,2534781,Gorgui Dieng,ATL,33,1
willigr01,1629684,949273,4066218,Grant Williams,BOS,34,2
allengr01,1628960,842296,3135045,Grayson Allen,MIL,36,15
browngr01,1630535,1243740,4432161,Greg Brown III,POR,33,22
monrogr01,202328,467468,4260,Greg Monroe,MIN,34,16
diallha01,1628977,970444,4080610,Hamidou Diallo,DET,32,8
barneha02,203084,552336,6578,Harrison Barnes,SAC,35,23
whiteha01,202355,513234,4262,Hassan Whiteside,UTA,33,26
graveha01,1629755,949192,4066221,Hassani Gravett,ORL,35,19
joneshe01,1630529,1061638,4277813,Herbert Jones,NOP,35,3
brazdig01,1629649,1133802,4397205,Ignas Brazdeikis,ORL,35,19
quickim01,1630193,1134175,4395724,Immanuel Quickley,NYK,34,18
bongais01,1629067,1121333,4348697,Isaac Bonga,TOR,31,28
okorois01,1630171,1193432,4432822,Isaac Okoro,CLE,34,5
harteis01,1628392,1057004,4222252,Isaiah Hartenstein,LAC,34,12
jacksis01,1630543,1245934,4432170,Isaiah Jackson,IND,34,11
joeis01,1630198,1134010,4395702,Isaiah Joe,PHI,34,20
liveris01,1630587,1067672,4277957,Isaiah Livers,DET,32,8
robyis01,1629676,944969,4066392,Isaiah Roby,OKC,33,25
stewais01,1630191,1177050,4432810,Isaiah Stewart,DET,32,8
thomais02,202738,457605,6472,Isaiah Thomas,LAL,35,13
toddis01,1630225,1271713,4715198,Isaiah Todd,WAS,34,27
smithis01,202397,329873,4305,Ish Smith,CHO,35,5312
wainris01,1630688,748530,3059307,Ish Wainright,PHO,33,21
zubaciv01,1627826,920093,4017837,Ivica Zubac,LAC,34,12
thorjt01,1630550,1251663,4702233,JT Thor,CHO,35,5312
moranja01,1629630,1065906,4279888,Ja Morant,MEM,35,29
greenja01,203210,460833,2327577,JaMychal Green,DEN,33,7
mclauja01,1630605,945673,4066496,JaQuori McLaughlin,DAL,33,6
mcgeeja01,201580,333212,3452,JaVale McGee,PHO,33,21
parkeja01,203953,756880,3056600,Jabari Parker,BOS,34,2
mcdanja02,1630183,1177013,4431671,Jaden McDaniels,MIN,34,16
sprinja01,1630531,1231665,4432164,Jaden Springer,PHI,34,20
crowdja01,203109,552381,6581,Jae Crowder,PHO,33,21
tateja01,1630256,844040,3136777,Jae'Sean Tate,HOU,35,10
ramseja01,1630186,1182151,4431688,Jahmi'us Ramsey,SAC,35,23
laymaja01,1627774,698664,2982268,Jake Layman,MIN,34,16
poeltja01,1627751,844478,3134908,Jakob Poeltl,SAS,33,24
brunsja01,1628973,887914,3934672,Jalen Brunson,DAL,33,6
greenja05,1630224,1271706,4437244,Jalen Green,HOU,35,10
johnsja05,1630552,1230356,4701230,Jalen Johnson,ATL,33,1
mcdanja01,1629667,953063,4066731,Jalen McDaniels,CHO,35,5312
smithja04,1630188,1133792,4397189,Jalen Smith,PHO,33,21
suggsja01,1630591,1241585,4432165,Jalen Suggs,ORL,35,19
bouknja01,1630547,1182632,4431712,James Bouknight,CHO,35,5312
ennisja01,203516,602135,2579321,James Ennis III,BRK,32,17
hardeja01,201935,395388,3992,James Harden,BRK,32,17
johnsja01,201949,398037,3999,James Johnson,BRK,32,17
pickeja01,1630691,1076297,4278566,Jamorko Pickett,DET,32,8
butleja02,1630215,1134886,4395695,Jared Butler,UTA,33,26
harpeja01,1629607,947237,4066248,Jared Harper,NOP,35,3
jacksja02,1628991,1078662,4277961,Jaren Jackson Jr.,MEM,35,29
vandeja01,1629020,1067852,4278077,Jarred Vanderbilt,MIN,34,16
allenja01,1628386,956574,4066328,Jarrett Allen,CLE,34,5
culveja01,1629633,1078671,4277928,Jarrett Culver,MEM,35,29
cumbeja01,1629600,950021,4066486,Jarron Cumberland,POR,33,22
greenja02,1629750,624174,2596112,Javonte Green,CHI,31,4
smartja01,1630606,1137201,4396972,Javonte Smart,MIL,36,15
hayesja02,1629637,1140887,4397077,Jaxson Hayes,NOP,35,3
huffja01,1630643,942843,4065731,Jay Huff,LAL,35,13
scrubja01,1630206,1257432,4683023,Jay Scrubb,LAC,34,12
brownja02,1627759,883436,3917376,Jaylen Brown,BOS,34,2
nowelja01,1629669,1089562,4278541,Jaylen Nowell,MIN,34,16
tatumja01,1628369,937647,4065648,Jayson Tatum,BOS,34,2
dowtije01,1630288,953377,4066786,Jeff Dowtin,GSW,34,9
greenje02,201145,266367,3209,Jeff Green,DEN,33,7
jonesje01,1629203,956193,4067469,Jemerrio Jones,LAL,35,13
grantje01,203924,699826,2991070,Jerami Grant,DET,32,8
robinje02,1630526,1176176,4432813,Jeremiah Robinson-Earl,OKC,33,25
lambje01,203087,552980,6603,Jeremy Lamb,IND,34,11
simsje01,1630579,1071933,4277922,Jericho Sims,NYK,34,18
carteje01,1628975,843794,3133635,Jevon Carter,BRK,32,17
butleji01,202710,458730,6430,Jimmy Butler,MIA,35,14
landajo01,1629111,850308,3146557,Jock Landale,SAS,33,24
harrijo01,203925,549969,2528794,Joe Harris,BRK,32,17
inglejo01,204060,553306,2968436,Joe Ingles,UTA,33,26
johnsjo02,2207,3501,1007,Joe Johnson,BOS,34,2
wieskjo01,1630580,1141061,4397033,Joe Wieskamp,SAS,33,24
ayayijo01,1630555,1077553,4280150,Joel Ayayi,WAS,34,27
embiijo01,203954,794508,3059318,Joel Embiid,PHI,34,20
collijo01,1628381,880468,3908845,John Collins,ATL,33,1
konchjo01,1629723,852907,3134932,John Konchar,MEM,35,29
valanjo01,202685,599780,6477,Jonas Valanciunas,NOP,35,3
kuminjo01,1630228,1271708,4433247,Jonathan Kuminga,GSW,34,9
clarkjo01,203903,551975,2528426,Jordan Clarkson,UTA,33,26
goodwjo01,1630692,1062104,4278402,Jordan Goodwin,WAS,34,27
mclaujo01,1629162,844465,3134916,Jordan McLaughlin,MIN,34,16
nworajo01,1629670,1076189,4277883,Jordan Nwora,MIL,36,15
poolejo01,1629673,1067671,4277956,Jordan Poole,GSW,34,9
schakjo01,1630648,1062275,4895528,Jordan Schakel,WAS,34,27
alvarjo01,1630631,1060919,4277869,Jose Alvarado,NOP,35,3
chrisjo01,1630528,1231305,4432168,Josh Christopher,HOU,35,10
giddejo01,1630581,1323503,4871145,Josh Giddey,OKC,33,25
greenjo02,1630182,1193670,4432811,Josh Green,DAL,33,6
hartjo01,1628404,741892,3062679,Josh Hart,NOP,35,3
jacksjo02,1628367,944164,4066297,Josh Jackson,DET,32,8
okogijo01,1629006,941460,4065663,Josh Okogie,MIN,34,16
richajo01,1626196,604288,2581190,Josh Richardson,BOS,34,2
primojo01,1630563,1231214,4702176,Joshua Primo,SAS,33,24
holidjr01,201950,457576,3995,Jrue Holiday,MIL,36,15
toscaju01,1629308,601511,4401416,Juan Toscano-Anderson,GSW,34,9
hernaju01,1627823,920082,4017839,Juancho Hernangomez,BOS,34,2
randlju01,203944,786412,3064514,Julius Randle,NYK,34,18
anderju01,1626147,697982,2982340,Justin Anderson,CLE,34,5
champju01,1630551,1175260,4432907,Justin Champagnie,TOR,31,28
holidju01,203200,395365,2284101,Justin Holiday,IND,34,11
jacksju01,1628382,842955,3138156,Justin Jackson,BOS,34,2
robinju01,1629620,893009,3945566,Justin Robinson,MIL/SAC,35,8
winslju01,1626159,842298,3135047,Justise Winslow,LAC,34,12
nurkiju01,203994,830642,3102530,Jusuf Nurkic,POR,33,22
morgaju01,1629752,900536,3934721,Juwan Morgan,TOR,31,28
okpalkz01,1629644,1061544,4278521,KZ Okpala,MIA,35,14
joneska01,1630539,1186771,4431699,Kai Jones,CHO,35,5312
townska01,1626157,837030,3136195,Karl-Anthony Towns,MIN,34,16
bateske01,1628966,844045,3136779,Keita Bates-Diop,SAS,33,24
martike03,1629103,843805,3133596,Kelan Martin,IND,34,11
johnske04,1629640,1134174,4395723,Keldon Johnson,SAS,33,24
blevike01,1629833,851186,3152335,Keljin Blevins,POR,33,22
olynyke01,203482,514882,2489663,Kelly Olynyk,DET,32,8
oubreke01,1626162,843271,3133603,Kelly Oubre Jr.,CHO,35,5312
walkeke02,202689,462980,6479,Kemba Walker,NYK,34,18
willike04,1629026,843742,3133626,Kenrich Williams,OKC,33,25
bazemke01,203145,410764,6637,Kent Bazemore,LAL,35,13
caldwke01,203484,602730,2581018,Kentavious Caldwell-Pope,WAS,34,27
martike04,1630231,1257431,4431828,Kenyon Martin Jr.,HOU,35,10
johnske07,1630553,1231792,4432192,Keon Johnson,LAC,34,12
edwarke02,1630556,1135006,4397693,Kessler Edwards,BRK,32,17
duranke01,201142,329525,3202,Kevin Durant,BRK,32,17
huertke01,1628989,944785,4066372,Kevin Huerter,ATL,33,1
knoxke01,1628995,1067854,4278075,Kevin Knox II,NYK,34,18
loveke01,201567,395374,3449,Kevin Love,CLE,34,5
pangoke01,1630698,606932,2583962,Kevin Pangos,CLE,34,5
porteke02,1629645,1135158,4397140,Kevin Porter Jr.,HOU,35,10
looneke01,1626172,846499,3155535,Kevon Looney,GSW,34,9
birchkh01,203920,601518,2578240,Khem Birch,TOR,31,28
middlkh01,203114,512053,6609,Khris Middleton,MIL,36,15
hayeski01,1630165,1257421,4683024,Killian Hayes,DET,32,8
tilliki02,1629681,955890,4066651,Killian Tillie,MEM,35,29
lewiski01,1630184,1134005,4395698,Kira Lewis Jr.,NOP,35,3
porzikr01,204001,877869,3102531,Kristaps Porzingis,DAL,33,6
anderky01,203937,697720,2993874,Kyle Anderson,MEM,35,29
kuzmaky01,1628398,844476,3134907,Kyle Kuzma,WAS,34,27
lowryky01,200768,266394,3012,Kyle Lowry,MIA,35,14
aldrila01,200746,266554,2983,LaMarcus Aldridge,BRK,32,17
ballla01,1630163,1257420,4432816,LaMelo Ball,CHO,35,5312
stevela01,1630205,950179,4066405,Lamar Stevens,CLE,34,5
stephla01,202362,511057,4244,Lance Stephenson,ATL,33,1
shamela01,1629013,893100,3914044,Landry Shamet,PHO,33,21
gallola01,204038,551321,2530572,Langston Galloway,BRK,32,17
nancela02,1626204,603640,2580365,Larry Nance Jr.,POR,33,22
markkla01,1628374,949131,4066336,Lauri Markkanen,CLE,34,5
jamesle01,2544,214152,1966,LeBron James,LAL,35,13
bolmale01,1630195,1257425,4683025,Leandro Bolmaro,MIN,34,16
walkelo01,1629022,1060928,4277890,Lonnie Walker IV,SAS,33,24
balllo01,1628366,946714,4066421,Lonzo Ball,CHI,31,4
willilo02,101150,292401,2799,Lou Williams,ATL,33,1
kinglo02,1629663,1134732,4397103,Louis King,SAC,35,23
dortlu01,1629652,1134693,4397020,Luguentz Dort,OKC,33,25
doncilu01,1629029,1121277,3945274,Luka Doncic,DAL,33,6
garzalu01,1630568,1061057,4277951,Luka Garza,DET,32,8
kennalu01,1628379,887661,3913174,Luke Kennard,LAC,34,12
kornelu01,1628436,745923,3064560,Luke Kornet,CLE,34,5
flynnma01,1630201,946878,4066668,Malachi Flynn,TOR,31,28
brogdma01,1627763,601146,2566769,Malcolm Brogdon,IND,34,11
hillma01,1630792,741929,3056245,Malcolm Hill,ATL,33,1
beaslma01,1627736,879503,3907822,Malik Beasley,MIN,34,16
fittsma01,1630238,922397,4066467,Malik Fitts,UTA,33,26
monkma01,1628370,957492,4066262,Malik Monk,LAL,35,13
garrema01,1630585,1060962,4277892,Marcus Garrett,MIA,35,14
morrima03,202694,469089,6462,Marcus Morris Sr.,LAC,34,12
smartma01,203935,697132,2990992,Marcus Smart,BOS,34,2
morrima02,202693,469085,6461,Markieff Morris,MIA,35,14
simonma01,1630250,1257429,4683622,Marko Simonovic,CHI,31,4
howarma02,1630210,922379,4065805,Markus Howard,DEN,33,7
chrisma01,1627737,884141,3907487,Marquese Chriss,DAL,33,6
baglema01,1628963,1076209,4277848,Marvin Bagley III,SAC,35,23
jonesma05,1630222,1134017,4395704,Mason Jones,LAL,35,13
plumlma01,203486,510790,2488653,Mason Plumlee,CHO,35,5312
thybuma01,1629680,884169,3907498,Matisse Thybulle,PHI,34,20
moonema01,1629760,846853,3149036,Matt Mooney,NYK,34,18
thomama02,1629744,741012,3059311,Matt Thomas,CHI,31,4
harklma01,203090,609843,6591,Maurice Harkless,SAC,35,23
strusma01,1629622,936502,4065778,Max Strus,MIA,35,14
klebima01,1628467,1072048,2960236,Maxi Kleber,DAL,33,6
wrighmc01,1630593,1061526,4278507,McKinley Wright IV,MIN,34,16
portemi01,1629008,1061724,4278104,Michael Porter Jr.,DEN,33,7
bridgmi01,1628969,846400,3147657,Mikal Bridges,PHO,33,21
conlemi01,201144,329468,3195,Mike Conley,UTA,33,26
muscami01,203488,520388,2490089,Mike Muscala,OKC,33,25
bridgmi02,1628970,957479,4066383,Miles Bridges,CHO,35,5312
mcbrimi01,1630540,1175084,4431823,Miles McBride,NYK,34,18
robinmi01,1629011,1076265,4351852,Mitchell Robinson,NYK,34,18
onimi01,1629671,953941,4066851,Miye Oni,UTA,33,26
bambamo01,1628964,1071928,4277919,Mo Bamba,ORL,35,19
morrimo01,1628420,741011,3059310,Monte Morris,DEN,33,7
harremo01,1626149,698651,2991055,Montrezl Harrell,WAS,34,27
wagnemo01,1629021,882387,3150844,Moritz Wagner,ORL,35,19
brownmo01,1629650,1134769,4397126,Moses Brown,DAL,33,6
moodymo01,1630541,1231366,4432171,Moses Moody,GSW,34,9
wrighmo01,1630589,1060920,4277871,Moses Wright,LAC,34,12
muldemy01,1628539,891351,3936298,Mychal Mulder,ORL,35,19
powelmy01,1629619,936657,4065816,Myles Powell,PHI,34,20
turnemy01,1626167,843762,3133628,Myles Turner,IND,34,11
marshna01,1630230,1060704,4278594,Naji Marshall,NOP,35,3
littlna01,1629642,1138391,4395652,Nassir Little,POR,33,22
knighna01,1630233,953887,4067325,Nathan Knight,MIN,34,16
reidna01,1629675,1137200,4396971,Naz Reid,MIN,34,16
quetane01,1629674,1142902,4397424,Neemias Queta,SAC,35,23
bjeline01,202357,550431,4269,Nemanja Bjelica,GSW,34,9
noelne01,203457,699947,2991280,Nerlens Noel,NYK,34,18
claxtni01,1629651,1061682,4278067,Nic Claxton,BRK,32,17
richani01,1630208,1067853,4278076,Nick Richards,CHO,35,5312
alexani01,1629638,1067668,4278039,Nickeil Alexander-Walker,NOP,35,3
batumni01,201587,456451,3416,Nicolas Batum,LAC,34,12
jokicni01,203999,830650,3112335,Nikola Jokic,DEN,33,7
vucevni01,202696,457598,6478,Nikola Vucevic,CHI,31,4
powelno01,1626181,609861,2595516,Norman Powell,POR,33,22
anunoog01,1628384,900535,3934719,OG Anunoby,TOR,31,28
toppiob01,1630167,1076274,4278355,Obi Toppin,NYK,34,18
sarrol01,1630846,1060956,4278046,Olivier Sarr,OKC,33,25
yurtsom01,1630209,942129,3074213,Omer Yurtseven,MIA,35,14
okongon01,1630168,1185367,4431680,Onyeka Okongwu,ATL,33,1
brissos01,1629052,1076192,4278031,Oshae Brissett,IND,34,11
porteot01,203490,609256,2594922,Otto Porter Jr.,GSW,34,9
doziepj01,1628408,886448,3923250,P.J. Dozier,DEN,33,7
tuckepj01,200782,229602,3033,P.J. Tucker,MIA,35,14
washipj01,1629023,1067857,4278078,P.J. Washington,CHO,35,5312
siakapa01,1627783,853408,3149673,Pascal Siakam,TOR,31,28
connapa01,1626192,601514,2578239,Pat Connaughton,MIL,36,15
beverpa01,201976,332691,3964,Patrick Beverley,MIN,34,16
willipa01,1630172,1174904,4431687,Patrick Williams,CHI,31,4
millspa02,201988,411562,4004,Patty Mills,BRK,32,17
georgpa01,202331,469218,4251,Paul George,LAC,34,12
millspa01,200794,237675,3015,Paul Millsap,BRK,32,17
reedpa01,1630194,1076238,4278562,Paul Reed,PHI,34,20
watsopa01,1628778,750825,3058030,Paul Watson,OKC,33,25
pritcpa01,1630202,945610,4066354,Payton Pritchard,BOS,34,2
cornepe01,1627822,920099,3899009,Petr Cornelie,DEN,33,7
achiupr01,1630173,1175124,4431679,Precious Achiuwa,TOR,31,28
grimequ01,1629656,1132827,4397014,Quentin Grimes,NYK,34,18
weathqu01,1629683,886418,3907358,Quinndary Weatherspoon,GSW,34,9
hamptrj01,1630181,1257426,4590530,R.J. Hampton,ORL,35,19
barrerj01,1629628,1132031,4395625,RJ Barrett,NYK,34,18
nembhrj01,1630612,1060982,4277916,RJ Nembhard Jr.,CLE,34,5
rondora01,200765,262882,3026,Rajon Rondo,LAL,35,13
netora01,203526,739966,2968361,Raul Neto,WAS,34,27
bullore01,203493,552335,2528779,Reggie Bullock,DAL,33,6
jacksre01,202704,462444,6443,Reggie Jackson,LAC,34,12
holmeri01,1626158,695069,2993370,Richaun Holmes,SAC,35,23
rubiori01,201937,503689,4011,Ricky Rubio,CLE,34,5
covinro01,203496,525052,2490620,Robert Covington,POR,33,22
williro04,1629057,954390,4066211,Robert Williams III,BOS,34,2
woodaro01,1630218,1134190,4396961,Robert Woodard II,SAC,35,23
lopezro01,201577,330050,3447,Robin Lopez,ORL,35,19
hoodro01,203918,603106,2581177,Rodney Hood,MIL,36,15
mcgruro01,203585,506103,2488826,Rodney McGruder,DET,32,8
langfro01,1629641,1138654,4397008,Romeo Langford,BOS,34,2
onealro01,1626220,604479,2583632,Royce O'Neale,UTA,33,26
gayru01,200752,266358,3005,Rudy Gay,UTA,33,26
goberru01,203497,739960,3032976,Rudy Gobert,UTA,33,26
westbru01,201566,329830,3468,Russell Westbrook,LAL,35,13
leesa01,1630240,1067689,4278124,Saben Lee,DET,32,8
beysa01,1630180,1138653,4397136,Saddiq Bey,DET,32,8
dekkesa01,1626155,NA,2991184,Sam Dekker,TOR,31,NA
hausesa01,1630573,922378,4065804,Sam Hauser,BOS,34,2
merrisa01,1630241,953106,4066757,Sam Merrill,MEM,35,29
mamuksa01,1630572,1060351,4278580,Sandro Mamukelashvili,MIL,36,15
aldamsa01,1630583,1177024,4593125,Santi Aldama,MEM,35,29
barnesc01,1630567,1251666,4433134,Scottie Barnes,TOR,31,28
lewissc01,1630575,1175355,4432812,Scottie Lewis,CHO,35,5312
doumbse01,1629635,1172131,4423314,Sekou Doumbouya,LAL,35,NA
ojelese01,1628400,792415,3056602,Semi Ojeleye,MIL,36,15
ibakase01,201586,456450,3439,Serge Ibaka,LAC,34,12
curryse01,203552,463135,2326307,Seth Curry,PHI,34,20
gilgesh01,1628983,1067856,4278073,Shai Gilgeous-Alexander,OKC,33,25
miltosh01,1629003,879492,3915195,Shake Milton,PHI,34,20
buchash01,1629783,1135267,4279887,Shaq Buchanan,MEM,35,29
harrish01,1627885,692654,2991274,Shaquille Harrison,BRK,32,17
coopesh01,1630536,1251661,4432173,Sharife Cooper,ATL,33,1
mayssk01,1630219,948123,4066269,Skylar Mays,ATL,33,1
hillso01,203524,509169,2488958,Solomon Hill,ATL,33,1
dinwisp01,203915,602411,2580782,Spencer Dinwiddie,WAS,34,27
johnsst04,1626169,844331,3134881,Stanley Johnson,LAL,35,13
curryst01,201939,338365,3975,Stephen Curry,GSW,34,9
brownst02,1628425,740339,3057187,Sterling Brown,DAL,33,6
adamsst01,203500,679478,2991235,Steven Adams,MEM,35,29
mykhasv01,1629004,843265,3133602,Svi Mykhailiuk,TOR,31,28
mccontj01,204456,551787,2530530,T.J. McConnell,IND,34,11
fallta01,1629605,879498,3904625,Tacko Fall,CLE,34,5
gibsota01,201959,330057,3986,Taj Gibson,NYK,34,18
hortota01,1629659,1132824,4396991,Talen Horton-Tucker,LAL,35,13
princta02,1627752,696209,2990962,Taurean Prince,MIN,34,16
mannte01,1629611,879504,3907823,Terance Mann,LAC,34,12
daviste02,1629056,886404,3919454,Terence Davis,SAC,35,23
rosste01,203082,550049,6619,Terrence Ross,ORL,35,19
roziete01,1626179,786293,3074752,Terry Rozier,CHO,35,5312
youngth01,201152,329683,3244,Thaddeus Young,SAS,33,24
antetth01,203648,803207,3102533,Thanasis Antetokounmpo,MIL,36,15
maledth01,1630177,1257427,4683027,Theo Maledon,OKC,33,25
pinsoth01,1629033,842910,3138154,Theo Pinson,DAL,33,6
fraziti01,204025,513606,2488945,Tim Frazier,ORL,35,19
hardati02,203501,551771,2528210,Tim Hardaway Jr.,DAL,33,6
luwawti01,1627789,920091,3893019,Timothe Luwawu-Cabarrot,ATL,33,1
harrito02,202699,552523,6440,Tobias Harris,PHI,34,20
satorto01,203107,659772,6621,Tomas Satoransky,NOP,35,3
bradlto01,1628396,950065,4065673,Tony Bradley,CHI,31,4
snellto01,203503,550991,2528353,Tony Snell,POR,33,22
craigto01,1628470,561589,2528693,Torrey Craig,IND,34,11
youngtr01,1629027,1060978,4277905,Trae Young,ATL,33,1
jonestr01,1630200,1132030,4395626,Tre Jones,SAS,33,24
manntr01,1630544,1175356,4432819,Tre Mann,OKC,33,25
watertr01,1629682,1061694,4278080,Tremont Waters,TOR,31,28
watfotr01,1630570,1176529,4431675,Trendon Watford,POR,33,22
forretr01,1630235,941267,4065656,Trent Forrest,UTA,33,26
queentr01,1630243,1138673,4409222,Trevelin Queen,HOU,35,10
scotttr01,1630286,892733,4711005,Trevon Scott,CLE,34,5
arizatr01,2772,229738,2426,Trevor Ariza,LAL,35,13
burketr01,203504,605708,2579260,Trey Burke,DAL,33,6
lylestr01,1626168,845596,3136196,Trey Lyles,DET,32,8
murphtr02,1630530,1134570,4397688,Trey Murphy III,NOP,35,3
thomptr01,202684,552806,6474,Tristan Thompson,SAC,35,23
browntr01,1628972,1082704,4278508,Troy Brown Jr.,CHI,31,4
jeromty01,1629660,942866,4065733,Ty Jerome,OKC,33,25
cookty01,1629076,944728,4066367,Tyler Cook,CHI,31,4
hallty01,1629788,895139,3934695,Tyler Hall,NYK,34,18
herroty01,1629639,1134176,4395725,Tyler Herro,MIA,35,14
johnsty01,204020,571786,2530276,Tyler Johnson,PHI,34,20
terryty01,1630179,1176568,4431747,Tyrell Terry,MEM,35,29
halibty01,1630169,1132825,4396993,Tyrese Haliburton,SAC,35,23
maxeyty01,1630178,1186160,4431678,Tyrese Maxey,PHI,34,20
jonesty01,1626145,842297,3135046,Tyus Jones,MEM,35,29
azubuud01,1628962,944169,4066299,Udoka Azubuike,UTA,33,26
hasleud01,2617,226806,2184,Udonis Haslem,MIA,35,14
garubus01,1630586,1318915,4871143,Usman Garuba,HOU,35,10
careyve01,1630176,1174858,4431669,Vernon Carey Jr.,CHO,35,5312
krejcvi01,1630249,1257428,4578893,Vit Krejci,OKC,33,25
cancavl01,1628427,1057007,4230557,Vlatko Cancar,DEN,33,7
ellinwa01,201961,329670,3981,Wayne Ellington,LAL,35,13
seldewa01,1627782,794506,4895499,Wayne Selden,NYK,34,18
cartewe01,1628976,1060912,4277847,Wendell Carter Jr.,ORL,35,19
gabriwe01,1629117,957490,4066264,Wenyen Gabriel,BRK,32,17
iwundwe01,1628411,793863,3074797,Wes Iwundu,ATL,35,1
matthwe02,202083,295809,4032,Wesley Matthews,MIL,36,15
bartowi01,203115,551760,6579,Will Barton,DEN,33,7
caulewi01,1626161,699950,2991282,Willie Cauley-Stein,DAL,33,6
hernawi01,1626195,840567,2999409,Willy Hernangomez,NOP,35,3
moonxa01,1629875,895967,3914075,Xavier Moon,LAC,34,12
tillmxa01,1630214,1078665,4277964,Xavier Tillman,MEM,35,29
watanyu01,1629139,846639,3133838,Yuta Watanabe,TOR,31,28
ponsyv01,1630582,1077502,4278116,Yves Pons,MEM,35,29
lavinza01,203897,743777,3064440,Zach LaVine,CHI,31,4
nnajize01,1630192,1193676,4431690,Zeke Nnaji,DEN,33,7
willizi02,1630533,1231313,4433137,Ziaire Williams,MEM,35,29